index,0
great,284
feel,279
good,266
condom,220
like,189
use,169
latex,157
best,149
n't,134
work,130
get,112
product,111
comfort,99
buy,83
love,81
tri,79
brand,76
fit,75
thin,71
smell,70
better,70
well,68
durabl,66
realli,63
break,61
price,61
go,58
never,57
one,54
recommend,54
make,54
would,50
time,48
nice,47
size,47
lube,46
've,46
perfect,46
find,46
trojan,45
noth,45
ever,45
yet,42
valu,41
say,41
littl,39
box,38
much,38
amaz,37
wear,37
sensit,37
even,35
allerg,35
natur,35
far,35
long,34
sex,34
still,33
irrit,33
excel,33
need,33
come,32
partner,32
wife,32
allergi,31
pretti,31
thing,31
worth,31
think,30
qualiti,30
muy,30
know,30
definit,29
job,29
protect,29
differ,29
tight,29
money,28
're,28
bite,28
last,28
pregnant,28
want,27
favorit,27
sure,27
way,27
bad,26
give,26
magnum,26
alway,25
keep,25
almost,24
babi,24
super,24
lubric,24
issu,24
larg,23
regular,23
excelent,23
take,22
lo,22
lol,22
packag,21
enough,21
could,21
easi,20
..,20
us,20
free,20
year,20
'm,20
rip,20
skin,20
highli,19
enjoy,19
fun,19
kid,19
real,19
anyth,18
lot,18
safe,18
guy,18
awesom,18
producto,18
stay,18
que,18
larger,17
felt,17
fine,17
without,17
put,17
everi,17
rubber,17
sensat,17
caus,16
deal,16
pack,16
first,16
averag,16
non-latex,16
buen,16
experi,16
bueno,16
boyfriend,16
tast,15
option,15
thick,15
de,15
right,15
se,15
seem,15
plu,15
son,15
kind,15
purchas,15
mean,15
pleasur,15
big,15
everyth,14
either,14
market,14
toy,14
amount,14
notic,14
check,14
peopl,14
overal,14
other,14
stuff,14
actual,14
order,14
husband,13
quit,13
dri,13
may,13
store,13
bare,13
thank,12
amazon,12
type,12
honestli,12
howev,12
though,12
calidad,12
normal,12
varieti,12
mani,12
sticki,12
look,12
prefer,12
cool,12
man,11
see,11
scent,11
back,11
review,11
usual,11
strong,11
'll,11
elit,11
wish,11
two,11
life,11
smooth,11
close,11
tell,11
non,11
ship,11
small,11
happi,11
complaint,11
part,11
probabl,11
stop,10
ok,10
control,10
la,10
reason,10
stud,10
ca,10
thinner,10
extra,10
condon,9
birth,9
expens,9
away,9
ladi,9
sexi,9
sometim,9
hate,9
win,9
materi,9
easili,9
girth,9
snug,9
hard,9
fast,9
sinc,9
help,9
girlfriend,8
end,8
suppos,8
day,8
night,8
okay,8
insid,8
bien,8
pregnanc,8
10,8
extrem,8
cheap,8
anoth,8
friend,8
matter,8
leav,8
expect,8
soft,8
item,8
compar,8
new,8
uncomfort,8
buena,8
bang,8
do,8
3,7
unless,7
person,7
slip,7
reaction,7
cÃ³modo,7
add,7
arriv,7
bottl,7
dont,7
goe,7
expir,7
burn,7
high,7
stick,7
gift,7
como,7
afford,7
let,7
todo,7
next,7
nasti,7
date,7
advertis,7
reliabl,7
chang,7
alreadi,7
otherwis,7
water,7
base,7
pleas,7
flavor,7
decid,7
origin,7
ultra,7
surpris,7
hand,7
clean,7
'd,7
absolut,7
someon,7
bodi,7
coupl,7
heat,6
problem,6
7,6
effect,6
ye,6
infect,6
woman,6
typic,6
someth,6
full,6
els,6
final,6
run,6
forget,6
esto,6
around,6
wonder,6
especi,6
un,6
complet,6
month,6
mejor,6
pleasant,6
might,6
pull,6
guess,6
start,6
instead,6
girl,6
match,6
intend,6
describ,6
second,6
test,6
soon,6
star,6
durex,6
wait,6
10/10,6
comfi,6
al,6
care,6
appli,6
number,6
weird,5
wow,5
top,5
turn,5
pero,5
sexual,5
abl,5
ya,5
whole,5
live,5
wrong,5
head,5
sell,5
em,5
idea,5
5,5
fact,5
send,5
mi,5
gusto,5
rompen,5
ring,5
xl,5
precio,5
finger,5
open,5
plastic,5
odor,5
switch,5
earli,5
breakag,5
balloon,5
con,5
slide,5
12,5
suck,5
cours,5
folk,5
yo,5
40,5
worri,5
friction,5
special,5
realiz,5
1,5
slightli,5
raw,5
sient,5
comprar,5
es,5
wrap,5
appar,5
less,5
bulk,5
must,5
least,5
horribl,5
si,5
anyon,5
incred,5
decent,5
inch,5
gf,5
peni,4
point,4
minut,4
rib,4
fantast,4
vibrat,4
ad,4
recomiendo,4
child,4
âœ…,4
lead,4
yeast,4
avail,4
femal,4
willi,4
children,4
tear,4
happen,4
hold,4
ph,4
load,4
4,4
bag,4
bc,4
depend,4
spawn,4
lÃ¡tex,4
rather,4
replac,4
roll,4
wide,4
reduc,4
women,4
opinion,4
perfectli,4
textur,4
often,4
lifestyl,4
mention,4
wo,4
home,4
activ,4
unwant,4
balanc,4
standard,4
photo,4
fill,4
prevent,4
although,4
importantli,4
100,4
ask,4
provid,4
trust,4
closest,4
cheaper,4
impress,4
none,4
2,4
bother,4
complain,4
quickli,4
continu,4
tengo,4
total,4
6,4
ive,4
week,4
form,4
save,4
anyway,4
bust,4
glad,4
local,4
sort,4
perform,3
play,3
father,3
fall,3
perhap,3
lamb,3
exactli,3
accid,3
term,3
mess,3
stock,3
vibe,3
penni,3
std,3
famili,3
prepar,3
constrict,3
variat,3
oil,3
damn,3
usarlo,3
downsid,3
longer,3
ago,3
mind,3
mission,3
mÃ¡,3
becom,3
tighter,3
stretch,3
forc,3
coat,3
blue,3
damag,3
custom,3
readi,3
intercours,3
wet,3
stand,3
due,3
liter,3
buck,3
togeth,3
oral,3
hurt,3
diseas,3
lub,3
slight,3
tend,3
discomfort,3
truli,3
eye,3
caja,3
anymor,3
quick,3
asid,3
stretchi,3
boy,3
yeah,3
troubl,3
blow,3
fail,3
bring,3
rash,3
zero,3
regret,3
finish,3
nesecito,3
llego,3
en,3
game,3
appreci,3
colleg,3
case,3
una,3
para,3
handl,3
marri,3
tini,3
n/a,3
choic,3
media,3
seal,3
hit,3
honest,3
ningÃºn,3
hormon,3
certain,3
intimaci,3
parent,3
nearli,3
comment,3
ntn,3
hope,3
synthet,3
shoot,3
bigger,3
aw,3
kinda,3
satisfi,3
import,3
excus,3
unlik,3
hot,3
offer,3
plan,3
strawberri,3
select,3
latex-fre,3
lack,3
dislik,3
risk,3
sever,3
parti,3
algo,3
huge,3
loos,3
bonu,3
line,3
spend,3
world,3
didnt,3
inexpens,3
warm,3
pop,3
go-to,3
pool,3
seller,3
except,3
read,3
solo,2
comdom,2
adequ,2
estuviera,2
2026,2
disappoint,2
tho,2
particular,2
nada,2
perfecto,2
restrict,2
cantidad,2
whatev,2
past,2
ğŸ˜,2
ğŸ˜‰,2
singl,2
scerinio,2
hardli,2
hey,2
despit,2
key,2
bs,2
organ,2
drop,2
hooker,2
oh,2
plenti,2
simpli,2
will,2
mix,2
wrapper,2
wors,2
silicon,2
adult,2
cold,2
gom,2
speed,2
exot,2
ideal,2
yup,2
'em,2
jabbar,2
eh,2
n,2
ğŸ‘,2
exclus,2
ride,2
girthi,2
power,2
claim,2
moment,2
valor,2
siempr,2
stimul,2
includ,2
shower,2
true,2
mayb,2
idk,2
extern,2
clear,2
vasectomi,2
addit,2
requir,2
comodo,2
erect,2
esta,2
flaw,2
lengthi,2
remind,2
everyon,2
cumpl,2
anywher,2
per,2
mÃ­,2
esposa,2
everybodi,2
strangl,2
deliveri,2
solut,2
lover,2
safeti,2
set,2
believ,2
bud,2
role,2
crazi,2
squeez,2
ruin,2
8,2
yea,2
earlier,2
travel,2
process,2
rest,2
etc,2
hubba,2
old,2
boo,2
pue,2
sausag,2
clinic,2
compet,2
ğŸ¤”,2
pre-lub,2
surprisingli,2
puesto,2
chanc,2
shimmi,2
sorri,2
stink,2
result,2
sleev,2
eso,2
men,2
deep,2
contain,2
por,2
mucho,2
terribl,2
def,2
encanta,2
24,2
today,2
strang,2
pain,2
perfum,2
enhanc,2
respons,2
individu,2
outsid,2
silki,2
ğŸ˜,2
soy,2
piec,2
residu,2
+aaa,2
success,2
cost,2
alÃ©rgica,2
detail,2
meet,2
japan,2
six,2
hole,2
suggest,2
usando,2
bottom,2
kimono,2
poco,2
intens,2
ğŸ˜‚,2
color,2
0.01,2
angl,2
hour,2
research,2
coincidÃ­an,2
parec,2
baggi,2
messi,2
call,2
bareskin,2
unit,2
hear,2
previous,2
sampl,2
queja,2
sleep,2
contact,2
u,2
saver,2
smash,2
dermat,2
delgado,2
irritan,2
glide,2
report,2
area,2
search,2
shake,2
weekend,2
unitario,2
envas,2
persona,2
lay,2
fecha,2
awhil,2
til,2
purpos,2
discov,2
problema,2
legit,2
place,2
ğŸ‘ŒğŸ¼,2
funni,2
mal,2
transfer,2
interest,2
legitim,2
neither,2
creat,2
sore,2
secur,2
resist,2
thicker,2
knowledg,2
miracl,2
lick,2
count,2
lubricado,2
itchi,2
fÃ¡cil,2
smoothli,2
occas,2
face,2
style,2
drugstor,2
account,2
discontinu,2
bet,2
reach,2
anytim,2
pill,2
three,2
thru,2
length,2
numb,2
receiv,2
rough,2
fell,2
nope,2
pick,2
bbc,2
glove,2
lose,2
hang,2
rule,2
thumb,2
cheapest,2
increas,2
current,2
ğŸ‘ğŸ¼,2
titl,2
36,2
accomplish,2
spice,2
purpl,2
abus,2
oili,2
slipperi,2
cautiou,2
consid,2
improv,2
desensit,2
kill,2
anal,2
touch,2
tin,2
leg,2
quantiti,2
feather,2
cant,2
inversiÃ³n,2
whim,2
posit,2
not-,2
solid,2
ğŸ’¯,2
batch,2
fella,2
yucki,2
mom,2
later,2
pharmaci,2
tub,2
tingl,2
ğŸ”¥,2
swear,2
fan,2
beat,2
pay,2
half,2
hous,1
convey,1
aluminum,1
separ,1
ninguna,1
pressur,1
wife/girlfriend,1
attach,1
bareback,1
preserv,1
healthi,1
florida,1
dull,1
pareja,1
wood,1
tampoco,1
regard,1
knock,1
chip,1
buyğŸ˜Š,1
region,1
9in,1
vagin,1
goodi,1
sti,1
b,1
free-,1
sens,1
it.edit,1
thinnest,1
state,1
lol.us,1
siento,1
vanilla,1
obtain,1
boink,1
banana,1
hack,1
hypoallergen,1
luck,1
divorc,1
it.th,1
relationship,1
feelsbadman,1
sales.keep,1
ello,1
that/th,1
smart,1
faster,1
nether,1
pena,1
condoms.y,1
envÃ­an,1
potato,1
explain,1
rato,1
ademÃ¡,1
promet,1
justo,1
tiempo,1
law,1
reoccur,1
fav,1
lie,1
splendor,1
confid,1
self,1
interrupt,1
promot,1
concert,1
valueabl,1
drink,1
return,1
destroy,1
absenc,1
dollar,1
support.highli,1
act,1
speedi,1
produit,1
attract,1
tuviera,1
lubey,1
favorito,1
bearabl,1
room,1
retail,1
show,1
loosen,1
bff,1
25th,1
verdad,1
anniversari,1
lower,1
event,1
learn,1
stub,1
healthier,1
uniron,1
ex,1
unabl,1
clue,1
6.5in,1
vouch,1
daughter,1
xx,1
magic,1
struggl,1
onâ€¦,1
after-tast,1
enviando,1
birthday,1
changer-,1
siguen,1
eventu,1
headach,1
demaciado,1
firmli,1
pliabl,1
medium-larg,1
anim,1
upset,1
charm,1
minor,1
bv,1
four,1
god,1
platinum,1
hide,1
ğŸ™‹â€â™‚ï¸,1
cover,1
spunk,1
light,1
weight,1
suddenli,1
omg,1
explod,1
jr.,1
share,1
nephew,1
justament,1
fring,1
afterward,1
hershey,1
intern,1
supplier,1
smell.they,1
grand,1
doubl,1
wash,1
septemb,1
august,1
savior,1
idiot,1
energ,1
awkward,1
sensation.mi,1
chocol,1
ribe,1
vice,1
min,1
molesta,1
prefect,1
ğŸ¥´ğŸ¥´ğŸ¥´,1
normales.asÃ­,1
desea,1
unheat,1
usar,1
single-us,1
correct,1
question,1
player.dur,1
lovelyli,1
light.work,1
fiel,1
goo,1
fino,1
servic,1
children-gustavo,1
reappli,1
grandchildren,1
cut,1
twice,1
speak,1
envÃ­en,1
satisfact,1
favor,1
link,1
bio,1
avail.som,1
versa.thi,1
green,1
soonâ€¦,1
suyo,1
prob,1
partner.littl,1
thoroughli,1
stack,1
subtl,1
enabl,1
volverÃ©,1
honestly.class,1
book,1
spook,1
one.extra,1
clutch,1
overall.if,1
jack,1
fenc,1
sin,1
30,1
statu,1
porn,1
eat,1
preservativo.s,1
recomendado,1
slick,1
valen,1
30/5=6,1
awar,1
18,1
snuggi,1
hype,1
unexpect,1
razor,1
ğŸ˜­,1
6-8,1
vagina,1
expand,1
outâ€¦,1
rug,1
adjust,1
pic,1
wit,1
recent,1
stallion,1
competit,1
refus,1
side,1
havent,1
ğŸ‘ğŸ‘ğŸ‘ğŸ‘ğŸ‘ğŸ‘ğŸ‘ğŸ‘ğŸ‘,1
ğŸ¤·ğŸ»â€â™‚ï¸,1
tuvies,1
moistur,1
duda,1
condÃ³n,1
sienta,1
fight,1
mileag,1
vari,1
scare,1
suitabl,1
xould,1
theme,1
mechan,1
rabbit,1
trick,1
wetter,1
environ,1
tanki,1
function,1
stronger,1
charg,1
cabl,1
â¤ï¸,1
scream,1
modern,1
stupid,1
flander,1
mandingo,1
spread,1
ğŸ‘ğŸ‘ğŸ‘ğŸ‘ğŸ‘ğŸ‘ğŸ‘ğŸ‘ğŸ‘ğŸ‘ğŸ‘ğŸ‘ğŸ‘ğŸ‘,1
trashi,1
bed,1
ğŸ‘ğŸ½,1
remov,1
opposit,1
short,1
round,1
captur,1
lil,1
critter,1
sick,1
ta,1
glass,1
thrust,1
withstand,1
butt,1
refer,1
gener,1
influenc,1
decis,1
countless,1
ğŸ¤£,1
announc,1
vega,1
list,1
level,1
text,1
it.thes,1
tortur,1
changer,1
fair,1
either-,1
laundri,1
deterg,1
soap,1
bachelorett,1
robberi,1
commet,1
invit,1
spare,1
manner,1
arnt,1
ğŸ’ªğŸ¾ğŸ‘ŒğŸ¾,1
moodi,1
one.also,1
discreet,1
allot,1
basket,1
astound,1
forev,1
6'4ft,1
junior,1
coke,1
can,1
collect,1
latex.h,1
econom,1
dot,1
bump,1
stubbi,1
tge,1
mammoth,1
/sheepskin,1
wooli,1
yore,1
pedect,1
tacto,1
resistent,1
pre,1
reli,1
funciÃ³n,1
though.th,1
odd,1
collogu,1
doesâ€”thes,1
su,1
confiabl,1
plug,1
sooner,1
whether,1
consequ,1
distinct,1
particularli,1
session,1
ğŸ¤™,1
....,1
c'mon,1
raincoat,1
cock,1
fn,1
ultra-stud,1
ğŸ‰,1
fire,1
Ãºtil,1
equat,1
realiti,1
worst,1
encantan,1
doesnot,1
holp,1
unavail,1
le,1
crave,1
acabenrecomendado,1
frequenc,1
cuando,1
volver,1
ğŸ˜,1
lom,1
poorli,1
react,1
5star,1
vag,1
mislead,1
49,1
1600,1
unrol,1
mad,1
ğŸ¤¦ğŸ»â€â™€ï¸,1
beyond,1
seven,1
trojanâ€¦,1
in-stor,1
across,1
period,1
dissip,1
beauti,1
gifts.b,1
suuuuupeeeeerrrrr,1
goooooooooood,1
supeeeeeeeeerrrrr,1
tightli,1
acomodan,1
durabilidad,1
bu4na,1
ğŸ‹ï¸ğŸ‹ï¸â€â™‚ï¸ğŸ’ª,1
skyn,1
raw.th,1
there,1
breal,1
outstandingli,1
butâ€¦,1
demon,1
thang,1
proper,1
theyâ€¦work,1
snip,1
haha,1
shocker,1
breakout,1
infertil,1
toler,1
benefit,1
stinki,1
all.i,1
yummi,1
sponsor,1
.....,1
smaller,1
superman,1
lightweight,1
avoid,1
ğŸ¤·ğŸ½â€â™€ï¸,1
practic,1
walgreen,1
saw,1
visibl,1
write,1
ğŸ˜³,1
snugger,1
preg,1
yay,1
16,1
wayyyi,1
trusti,1
ultrathin,1
ant,1
outstand,1
stress,1
seggsi,1
reorder,1
pumper,1
cap,1
oppos,1
most-,1
toward,1
drip,1
hay,1
echars,1
crema,1
ponÃ©rselo,1
latter,1
porqu,1
trae,1
lubricant,1
dentro,1
gustÃ³,1
legal,1
verifi,1
million,1
gay,1
intent,1
overturn,1
'roe,1
cri,1
ğŸ˜‰these,1
edu,1
volverÃ­a,1
ga,1
quiiit,1
c,1
cu,1
sayin,1
watch,1
wall,1
toda,1
expectativa,1
esperaba,1
ni,1
object,1
lmao,1
supper,1
bf,1
ğŸ¤·ğŸ¾â€â™‚ï¸,1
skynn,1
iron,1
ğŸ”¥ğŸ”¥ğŸ”¥ğŸ”¥ğŸ”¥ğŸ”¥,1
neck,1
dozen,1
romanc,1
prime,1
ridicul,1
hindsight,1
grant,1
reviewi,1
heheheheheheh,1
disappointedi,1
coverag,1
ridg,1
limit,1
embarrass,1
talk,1
estaba,1
profilÃ¡ctico,1
uso,1
casi,1
usarÃ¡,1
gustan,1
luckili,1
snake,1
jimmi,1
suffoc,1
whistl,1
miss,1
accommod,1
smell/tast,1
spring,1
usabl,1
dstado,1
on,1
everywher,1
possibl,1
word,1
swimmer,1
dick,1
conveni,1
20,1
notch,1
latex.it,1
nail,1
better.don,1
ummmm,1
retain,1
paquet,1
move,1
condom.100,1
el,1
whoop,1
butta,1
id,1
mf,1
ğŸ˜¬,1
satisfication/pleasur,1
â€¦but,1
iv,1
grow,1
sharp,1
nexplanon,1
slowli,1
transit,1
instantli,1
repuls,1
ğŸ˜Œ,1
llegÃ³,1
technolog,1
realist,1
water-bas,1
ny,1
self-evid,1
comdon,1
outta,1
park,1
yep,1
this.i,1
ğŸ‘…ğŸ‘…,1
agre,1
ğŸ“,1
thatâ€¦,1
hasnt,1
weeni,1
bladder,1
that.i,1
internet,1
malfunct,1
smell.no,1
uti,1
leave,1
change.but,1
9/10,1
reccomend,1
funcionan,1
handi,1
disfrut,1
icki,1
experienc,1
condomsâ€¦they,1
cocanut,1
dosnt,1
width,1
rememb,1
luego,1
relax,1
1/4,1
nthey,1
shape,1
crotch,1
purple/roy,1
sooooooooo,1
golden,1
duramax,1
subscrib,1
warrant,1
amiright,1
pregothank,1
insan,1
unharm,1
ğŸ˜€,1
mood,1
red,1
somewhat,1
hybrid,1
dirti,1
shop,1
ğŸ‘ŒğŸ¾not,1
condemn,1
fyi,1
auto-subscrib,1
dealâ€¦,1
strawberryâ€¦,1
mouth,1
batteri,1
pound,1
slimi,1
compat,1
assum,1
ğŸ¥³,1
enviÃ³,1
cologn,1
dog,1
sunflow,1
re-adjust,1
push,1
closer,1
indulg,1
magnific,1
answer,1
ici,1
nicer,1
gon,1
na,1
solidlystil,1
assort,1
fault,1
combin,1
evil,1
est,1
estado,1
tranquila,1
irritaciÃ³n,1
gusta,1
warn,1
design,1
colour,1
too.switch,1
previou,1
basic,1
grab,1
linger,1
bye,1
king,1
imagin,1
20yr,1
shortag,1
caustic,1
correcta,1
softest,1
shipment,1
size.thes,1
moist,1
invest,1
dryer,1
ğŸ’,1
gummi,1
workğŸ˜,1
skin/ph,1
buscando,1
huela,1
scheme,1
q,1
sufren,1
alergia,1
tienen,1
major,1
olor,1
fianc,1
necessari,1
win-win,1
perfumey,1
delici,1
priorit,1
mine,1
convieni,1
clean-up,1
higher,1
class,1
allergy-,1
strechavl,1
puppi,1
ear,1
silli,1
betteralso,1
sexcel,1
strength,1
recept,1
doorstep,1
tradit,1
js,1
condoms.they,1
agreeabl,1
visual,1
fat,1
allergybut,1
wider,1
a+,1
floral,1
fantastic.no,1
suttl,1
budget,1
usğŸ¤­,1
offens,1
minim,1
post,1
perman,1
await,1
dark,1
convient,1
preferit,1
h03,1
price-qu,1
ratio,1
of.th,1
greater,1
alright,1
easier,1
name,1
usado,1
seguido,1
fascinÃ³,1
hace,1
sentir,1
inseguro.son,1
suav,1
substanc,1
rÃ¡pido,1
ecstaci,1
futur,1
opt,1
sale,1
7.5,1
late,1
waygreat,1
throughout,1
freak,1
begin,1
film,1
56mm,1
irrita,1
pie,1
medium,1
picki,1
tough,1
pray,1
arm,1
date.mi,1
winner,1
overli,1
pre-appli,1
obvious,1
ten,1
climax,1
promis,1
evenli,1
improb,1
seria,1
vienen,1
sad,1
ahorro,1
alot,1
rel,1
follow,1
suppli,1
shelf,1
burst,1
glycerin,1
53mm,1
package.i,1
howeverâ€¦,1
cart,1
toâ€¦,1
nome,1
appendag,1
foreign,1
goldilock,1
ownâ€¦,1
oder,1
latex-i,1
superior,1
gimmick,1
dazzl,1
condom.thes,1
altern,1
drawback,1
sound,1
trojin,1
unnotic,1
arent,1
fold,1
70,1
intim,1
lotion,1
starter,1
arous,1
endow,1
on.they,1
greatli,1
settl,1
99,1
benefits.~,1
fresh,1
reallyyyy,1
barley,1
havnt,1
patch,1
excit,1
wasnt,1
pump,1
minti,1
pass,1
decreas,1
serious,1
bussin,1
aaaaa++++,1
tip,1
vegan,1
neatli,1
amigo,1
regardless,1
edit,1
roe,1
v,1
wade,1
ğŸ˜°ğŸ˜­,1
herp,1
sirra,1
kaint,1
ğŸ˜ƒ,1
adventur,1
among,1
vers,1
brock,1
bds-,1
develop,1
direct,1
comparison,1
throw,1
amazin,1
condit,1
center,1
dead,1
9.5,1
7.25,1
2.75,1
wide-,1
vigor,1
alguno,1
worth.nic,1
Ãºnica,1
parties.second,1
compra,1
serv,1
borderlin,1
painful.third,1
subsid,1
ach,1
studsâ€¦.so,1
elast,1
genuin,1
ole,1
hat,1
productâ­ï¸,1
step,1
heaven,1
condoms.purch,1
spin,1
b+,1
c-,1
encantado,1
20+,1
novelti,1
onlin,1
terminaron,1
acostumbrÃ©,1
joke,1
discreto,1
gag,1
stori,1
lucki,1
stale,1
antoh,1
near,1
repeat,1
useful.everyth,1
rain,1
awsom,1
project,1
flexibl,1
whatsoev,1
empti,1
aboutbif,1
safer,1
stamina,1
signific,1
besid,1
endur,1
.so,1
supra,1
gamechang,1
bruis,1
pierc,1
gustaron,1
tried.i,1
degrad,1
albeit,1
walk-in,1
principio,1
eyebal,1
support,1
payment,1
polyurethan,1
rub,1
conduct,1
nowher,1
underlubr,1
doesnt,1
low,1
puch,1
suspicion,1
censor,1
scari,1
skin.so,1
guid,1
off-,1
urg,1
231,1
measur,1
dr.,1
googli,1
hesit,1
aight,1
on.sh,1
hell,1
asham,1
versions.pro,1
-it,1
bad-it,1
fit-feel,1
-feel,1
sorceri,1
sibl,1
glu,1
chuckl,1
swell,1
sir,1
sneak,1
video,1
smell-,1
mangum,1
nervou,1
w,1
btw,1
miembro,1
pulgada,1
queda,1
goodğŸ‘soft,1
compani,1
tbh,1
velvet,1
brake,1
maximum,1
featur,1
mainli,1
haha.so,1
art,1
5/5,1
essenti,1
thu,1
comfier,1
tried.tri,1
poke,1
blunt,1
needl,1
peski,1
chlamydia,1
decadesâ€¦,1
fleshlight,1
perfectâ€¦,1
1st,1
yessss,1
choicessss,1
thing.product,1
good.bit,1
next.highli,1
lightli,1
gadget,1
pleasurerecommend,1
crouch,1
sellada,1
